{"state":"California","loss":621452320,"population":39512223,"per_cap":1572810.31746}
{"state":"South Carolina","loss":25244978,"population":5148714,"per_cap":490316.18381}
{"state":"New York","loss":415812917,"population":19453561,"per_cap":2137464.27711}
{"state":"New Mexico","loss":23903594,"population":2096829,"per_cap":1139987.76247}
{"state":"Texas","loss":313565225,"population":28995881,"per_cap":1081412.99449}
{"state":"Iowa","loss":21396701,"population":3155070,"per_cap":678168.82034}
{"state":"Florida","loss":295032829,"population":21477737,"per_cap":1373668.13366}
{"state":"Oklahoma","loss":20748692,"population":3956971,"per_cap":524357.94955}
{"state":"Ohio","loss":170171951,"population":11689100,"per_cap":1455817.39398}
{"state":"Kansas","loss":19157289,"population":2913314,"per_cap":657577.21275}
{"state":"Illinois","loss":150496678,"population":12671821,"per_cap":1187648.38929}
{"state":"District of Columbia","loss":18942722,"population":705749,"per_cap":2684059.34688}
{"state":"Missouri","loss":115913584,"population":6137428,"per_cap":1888634.52247}
{"state":"Mississippi","loss":18111738,"population":2976149,"per_cap":608562.87773}
{"state":"Pennsylvania","loss":108506204,"population":12801989,"per_cap":847573.01385}
{"state":"Arkansas","loss":17371515,"population":3017825,"per_cap":575630.29665}
{"state":"Virginia","loss":101661604,"population":8535519,"per_cap":1191041.85697}
{"state":"Hawaii","loss":13671531,"population":1415872,"per_cap":965590.88675}
{"state":"Colorado","loss":100663897,"population":5758736,"per_cap":1748020.69412}
{"state":"Puerto Rico","loss":13275104,"population":3193694,"per_cap":415666.12205}
{"state":"Georgia","loss":98762523,"population":10617423,"per_cap":930192.97621}
{"state":"Kentucky","loss":12590784,"population":4467673,"per_cap":281819.73032}
{"state":"New Jersey","loss":98727053,"population":8882190,"per_cap":1111517.01326}
{"state":"Nebraska","loss":11799640,"population":1934408,"per_cap":609987.13818}
{"state":"Massachusetts","loss":97583753,"population":6949503,"per_cap":1404183.19123}
{"state":"Idaho","loss":11670650,"population":1787065,"per_cap":653062.42358}
{"state":"Washington","loss":88020254,"population":7614893,"per_cap":1155896.13669}
{"state":"American Samoa","loss":7806373,"population":55641,"per_cap":14029893.42391}
{"state":"Michigan","loss":83999442,"population":9986857,"per_cap":841099.87757}
{"state":"Rhode Island","loss":7669670,"population":1059361,"per_cap":723990.21674}
{"state":"Arizona","loss":72128637,"population":7278717,"per_cap":990952.62256}
{"state":"Alaska","loss":7342743,"population":731545,"per_cap":1003730.87096}
{"state":"North Carolina","loss":69409152,"population":10488084,"per_cap":661790.58062}
{"state":"Maine","loss":7073260,"population":1344212,"per_cap":526201.22421}
{"state":"Maryland","loss":62473193,"population":6045680,"per_cap":1033352.62535}
{"state":"Delaware","loss":6486617,"population":973764,"per_cap":666138.50995}
{"state":"Minnesota","loss":58341798,"population":5639632,"per_cap":1034496.54162}
{"state":"Montana","loss":5669293,"population":1068778,"per_cap":530446.26667}
{"state":"Utah","loss":47113946,"population":3205958,"per_cap":1469574.6482}
{"state":"Wyoming","loss":5096704,"population":578759,"per_cap":880626.3056}
{"state":"Nevada","loss":44383452,"population":3080156,"per_cap":1440948.18574}
{"state":"New Hampshire","loss":4949296,"population":1359711,"per_cap":363996.17272}
{"state":"Connecticut","loss":41311798,"population":3565287,"per_cap":1158722.9303}
{"state":"West Virginia","loss":4823786,"population":1792147,"per_cap":269162.40688}
{"state":"Tennessee","loss":40191616,"population":6833174,"per_cap":588183.70497}
{"state":"Vermont","loss":4175799,"population":623989,"per_cap":669210.35467}
{"state":"Oregon","loss":38389702,"population":4217737,"per_cap":910196.67656}
{"state":"South Dakota","loss":3208241,"population":884659,"per_cap":362652.84138}
{"state":"Wisconsin","loss":36081681,"population":5822434,"per_cap":619700.98759}
{"state":"U.S. Virgin Islands","loss":620962,"population":104914,"per_cap":591877.15653}
{"state":"Indiana","loss":35180105,"population":6732219,"per_cap":522563.28857}
{"state":"Guam","loss":259338,"population":165718,"per_cap":156493.56135}
{"state":"Alabama","loss":27549157,"population":4903185,"per_cap":561862.48326}
{"state":"U.S. Minor Outlying Islands","loss":201022,"population":360,"per_cap":55839444.44444}
{"state":"Louisiana","loss":26717928,"population":4648794,"per_cap":574728.1553}
{"state":"Northern Mariana Islands","loss":67403,"population":55194,"per_cap":122120.15799}
{"state":"North Dakota","loss":25804940,"population":762062,"per_cap":3386199.54807}
