{"state":"California","loss":233907224,"population":39512223,"per_cap":591987.00109}
{"state":"Oregon","loss":9473549,"population":4217737,"per_cap":224612.13205}
{"state":"New York","loss":142689230,"population":19453561,"per_cap":733486.42955}
{"state":"Missouri","loss":9322612,"population":6137428,"per_cap":151897.70047}
{"state":"Texas","loss":135573752,"population":28995881,"per_cap":467562.10649}
{"state":"Utah","loss":9225351,"population":3205958,"per_cap":287756.45221}
{"state":"Florida","loss":125049181,"population":21477737,"per_cap":582226.98695}
{"state":"Kansas","loss":9205096,"population":2913314,"per_cap":315966.4904}
{"state":"Ohio","loss":83544428,"population":11689100,"per_cap":714720.79116}
{"state":"Wisconsin","loss":8357864,"population":5822434,"per_cap":143545.87789}
{"state":"Georgia","loss":63933271,"population":10617423,"per_cap":602154.31748}
{"state":"Kentucky","loss":6623738,"population":4467673,"per_cap":148259.23921}
{"state":"Illinois","loss":52691430,"population":12671821,"per_cap":415815.76949}
{"state":"Iowa","loss":6253965,"population":3155070,"per_cap":198219.53237}
{"state":"Washington","loss":47175498,"population":7614893,"per_cap":619516.22958}
{"state":"Maine","loss":6138289,"population":1344212,"per_cap":456645.90109}
{"state":"Colorado","loss":42901870,"population":5758736,"per_cap":744987.61534}
{"state":"Alaska","loss":5785807,"population":731545,"per_cap":790902.40518}
{"state":"New Jersey","loss":38491372,"population":8882190,"per_cap":433354.5218}
{"state":"New Mexico","loss":5711844,"population":2096829,"per_cap":272403.90132}
{"state":"Maryland","loss":29971760,"population":6045680,"per_cap":495754.98538}
{"state":"Delaware","loss":5673719,"population":973764,"per_cap":582658.52917}
{"state":"Nevada","loss":29127283,"population":3080156,"per_cap":945643.11028}
{"state":"Nebraska","loss":5651920,"population":1934408,"per_cap":292178.27883}
{"state":"Arizona","loss":28473605,"population":7278717,"per_cap":391189.88965}
{"state":"Mississippi","loss":3978526,"population":2976149,"per_cap":133680.33657}
{"state":"Pennsylvania","loss":28431645,"population":12801989,"per_cap":222087.71621}
{"state":"New Hampshire","loss":3595627,"population":1359711,"per_cap":264440.53185}
{"state":"Virginia","loss":25657584,"population":8535519,"per_cap":300597.81954}
{"state":"Idaho","loss":3582262,"population":1787065,"per_cap":200455.0478}
{"state":"Michigan","loss":24395899,"population":9986857,"per_cap":244280.04727}
{"state":"Hawaii","loss":3168489,"population":1415872,"per_cap":223783.57648}
{"state":"North Dakota","loss":22018169,"population":762062,"per_cap":2889288.40436}
{"state":"Arkansas","loss":2546501,"population":3017825,"per_cap":84381.99697}
{"state":"North Carolina","loss":20552835,"population":10488084,"per_cap":195963.67649}
{"state":"South Dakota","loss":2486492,"population":884659,"per_cap":281067.84648}
{"state":"District of Columbia","loss":14479130,"population":705749,"per_cap":2051597.66433}
{"state":"Wyoming","loss":2337866,"population":578759,"per_cap":403944.64708}
{"state":"Massachusetts","loss":14295694,"population":6949503,"per_cap":205708.1492}
{"state":"Rhode Island","loss":2013255,"population":1059361,"per_cap":190044.28141}
{"state":"Oklahoma","loss":13036365,"population":3956971,"per_cap":329453.13473}
{"state":"Vermont","loss":1506113,"population":623989,"per_cap":241368.51771}
{"state":"Indiana","loss":12864230,"population":6732219,"per_cap":191084.54434}
{"state":"Puerto Rico","loss":1422863,"population":3193694,"per_cap":44552.26456}
{"state":"Connecticut","loss":12533843,"population":3565287,"per_cap":351552.14713}
{"state":"West Virginia","loss":1352504,"population":1792147,"per_cap":75468.36281}
{"state":"Tennessee","loss":12017224,"population":6833174,"per_cap":175865.91531}
{"state":"U.S. Virgin Islands","loss":248287,"population":104914,"per_cap":236657.6434}
{"state":"Louisiana","loss":11932340,"population":4648794,"per_cap":256676.03254}
{"state":"U.S. Minor Outlying Islands","loss":225488,"population":360,"per_cap":62635555.55556}
{"state":"Minnesota","loss":11920258,"population":5639632,"per_cap":211365.88345}
{"state":"Guam","loss":12520,"population":165718,"per_cap":7555.00308}
{"state":"Alabama","loss":10739652,"population":4903185,"per_cap":219034.1992}
{"state":"American Samoa","loss":494,"population":55641,"per_cap":887.83451}
{"state":"Montana","loss":10262099,"population":1068778,"per_cap":960171.2423}
{"state":"Northern Mariana Islands","loss":315,"population":55194,"per_cap":570.71421}
{"state":"South Carolina","loss":10063305,"population":5148714,"per_cap":195452.78685}
